company_name,activity_type,role_count,post_count,priority_score,last_updated
CrowdStrike,both,1,5,3,2025-12-03
Palo Alto Networks,both,1,3,3,2025-12-03
Hive,hiring_only,1,0,2,2025-12-03
Meta,hiring_only,1,0,2,2025-12-03
OpenAI,hiring_only,1,0,2,2025-12-03
PayPal,hiring_only,1,0,2,2025-12-03
Commscope,hiring_only,1,0,2,2025-12-03
An On-demand Autonomous Ride-hailing Company,hiring_only,1,0,2,2025-12-03
Sendbird,hiring_only,1,0,2,2025-12-03
Airtable,hiring_only,1,0,2,2025-12-03
Anomali,hiring_only,1,0,2,2025-12-03
xAI,hiring_only,1,0,2,2025-12-03
ponyai,hiring_only,1,0,2,2025-12-03
Highnote,hiring_only,1,0,2,2025-12-03
Toyota Tsusho Systems,hiring_only,1,0,2,2025-12-03
Tech Army,hiring_only,1,0,2,2025-12-03
IT EngagementsInc,hiring_only,1,0,2,2025-12-03
Delve,hiring_only,1,0,2,2025-12-03
Q Bio,hiring_only,1,0,2,2025-12-03
360 SOC,hiring_only,1,0,2,2025-12-03
Foley,hiring_only,1,0,2,2025-12-03
Pivotal Consulting,hiring_only,1,0,2,2025-12-03
Reveleer,hiring_only,1,0,2,2025-12-03
Apollo Information Systems,hiring_only,1,0,2,2025-12-03
Quanta Manufacturing Fremont,hiring_only,1,0,2,2025-12-03
NEW CARROT FARMS,hiring_only,1,0,2,2025-12-03
Rule4,hiring_only,1,0,2,2025-12-03
Integra Connect,hiring_only,1,0,2,2025-12-03
Veracyte,hiring_only,1,0,2,2025-12-03
Netflix,hiring_only,1,0,2,2025-12-03
Grammarly,hiring_only,1,0,2,2025-12-03
Zoom,hiring_only,1,0,2,2025-12-03
Intone Networks,hiring_only,1,0,2,2025-12-03
Inmar,hiring_only,1,0,2,2025-12-03
Quantaleap,hiring_only,1,0,2,2025-12-03
Sylabs,hiring_only,1,0,2,2025-12-03
Thrive,hiring_only,1,0,2,2025-12-03
Meriplex,hiring_only,1,0,2,2025-12-03
CYBRILL,hiring_only,1,0,2,2025-12-03
Asana,hiring_only,1,0,2,2025-12-03
Experis,hiring_only,1,0,2,2025-12-03
General Dynamics Information Technology,hiring_only,1,0,2,2025-12-03
Merlin International,hiring_only,1,0,2,2025-12-03
Inversion6,hiring_only,1,0,2,2025-12-03
Noble Federal Credit Union,hiring_only,1,0,2,2025-12-03
Fortress Information Security,hiring_only,1,0,2,2025-12-03
Toshiba America,hiring_only,1,0,2,2025-12-03
Take-Two Interactive Software,hiring_only,1,0,2,2025-12-03
DATAPRISE,hiring_only,1,0,2,2025-12-03
Stratascale,hiring_only,1,0,2,2025-12-03
TikTok,hiring_only,1,0,2,2025-12-03
RKON,hiring_only,1,0,2,2025-12-03
NuHarbor Security,hiring_only,1,0,2,2025-12-03
Coalfire,hiring_only,1,0,2,2025-12-03
Integral,hiring_only,1,0,2,2025-12-03
Applied Intuition,hiring_only,1,0,2,2025-12-03
SHI International,hiring_only,1,0,2,2025-12-03
Henry Schein,hiring_only,1,0,2,2025-12-03
Trimble,hiring_only,1,0,2,2025-12-03
Rubrik Security Cloud,hiring_only,1,0,2,2025-12-03
Core BTS,hiring_only,1,0,2,2025-12-03
HealthEquity,hiring_only,1,0,2,2025-12-03
Valiant Solutions,hiring_only,1,0,2,2025-12-03
NST Cyber,hiring_only,1,0,2,2025-12-03
ZBeta Consulting,hiring_only,1,0,2,2025-12-03
Google,hiring_only,1,0,2,2025-12-03
Allstate,hiring_only,1,0,2,2025-12-03
Faith Group,hiring_only,1,0,2,2025-12-03
Blackwood Associates,hiring_only,1,0,2,2025-12-03
TEECOM,hiring_only,1,0,2,2025-12-03
Bulletproof Solutions,hiring_only,1,0,2,2025-12-03
TotalCyber Consulting,hiring_only,1,0,2,2025-12-03
Pax8,hiring_only,1,0,2,2025-12-03
1X Technologies AS,hiring_only,1,0,2,2025-12-03
1Fivetech,hiring_only,1,0,2,2025-12-03
INVAR Technologies,hiring_only,1,0,2,2025-12-03
Happy Returns,hiring_only,1,0,2,2025-12-03
Assured,hiring_only,1,0,2,2025-12-03
MyEyeDr,hiring_only,1,0,2,2025-12-03
CompTech Computer Technologies,hiring_only,1,0,2,2025-12-03
Workato,hiring_only,1,0,2,2025-12-03
Soft,hiring_only,1,0,2,2025-12-03
Ceribell,hiring_only,1,0,2,2025-12-03
Active Cyber,hiring_only,1,0,2,2025-12-03
Anvilogic,hiring_only,1,0,2,2025-12-03
Astranis,hiring_only,1,0,2,2025-12-03
Flex Consulting Group,hiring_only,1,0,2,2025-12-03
AA Cloud,hiring_only,1,0,2,2025-12-03
BlueMatrix,hiring_only,1,0,2,2025-12-03
Smile Digital Health,hiring_only,1,0,2,2025-12-03
Tyto Athene,hiring_only,1,0,2,2025-12-03
Trilagen,hiring_only,1,0,2,2025-12-03
supremesoft,hiring_only,1,0,2,2025-12-03
Contact Government Services,hiring_only,1,0,2,2025-12-03
Xponential Fitness,hiring_only,1,0,2,2025-12-03
DemandTec,hiring_only,1,0,2,2025-12-03
VaaridaTech,hiring_only,1,0,2,2025-12-03
Nerdio,hiring_only,1,0,2,2025-12-03
DoiT,hiring_only,1,0,2,2025-12-03
Egnyte,hiring_only,1,0,2,2025-12-03
BeyondTrust,hiring_only,1,0,2,2025-12-03
Dental Intelligence,hiring_only,1,0,2,2025-12-03
Tec-Tel,hiring_only,1,0,2,2025-12-03
Crowell & Moring,hiring_only,1,0,2,2025-12-03
Datadog,hiring_only,1,0,2,2025-12-03
Skylight,hiring_only,1,0,2,2025-12-03
Okta,hiring_only,1,0,2,2025-12-03
Fortinet,hiring_only,1,0,2,2025-12-03
T-Mobile USA,hiring_only,1,0,2,2025-12-03
Pure Storage,hiring_only,1,0,2,2025-12-03
UT Southwestern,hiring_only,1,0,2,2025-12-03
Crusoe,hiring_only,1,0,2,2025-12-03
Vanguard,hiring_only,1,0,2,2025-12-03
Ramp,hiring_only,1,0,2,2025-12-03
Hewlett Packard Enterprise,hiring_only,1,0,2,2025-12-03
CoStar Group,hiring_only,1,0,2,2025-12-03
Ford Motor Company,hiring_only,1,0,2,2025-12-03
SCP Health,hiring_only,1,0,2,2025-12-03
Data Path,hiring_only,1,0,2,2025-12-03
stackArmor,hiring_only,1,0,2,2025-12-03
FormFactor,hiring_only,1,0,2,2025-12-03
Wix,hiring_only,1,0,2,2025-12-03
Orison Solutions,hiring_only,1,0,2,2025-12-03
PurpleBox,hiring_only,1,0,2,2025-12-03
Core Source Global,hiring_only,1,0,2,2025-12-03
Mind Computing,hiring_only,1,0,2,2025-12-03
Apexon,hiring_only,1,0,2,2025-12-03
BakerHostetler,hiring_only,1,0,2,2025-12-03
Smaya technologies,hiring_only,1,0,2,2025-12-03
Moveworksai,hiring_only,1,0,2,2025-12-03
Palantir Technologies,hiring_only,1,0,2,2025-12-03
IDENTIFY SECURITY,hiring_only,1,0,2,2025-12-03
Physna,hiring_only,1,0,2,2025-12-03
GuidePoint Security,hiring_only,1,0,2,2025-12-03
Meetacross investment,hiring_only,1,0,2,2025-12-03
Quanata,hiring_only,1,0,2,2025-12-03
IXL Learning,hiring_only,1,0,2,2025-12-03
ALPAC,hiring_only,1,0,2,2025-12-03
Ender-IT,hiring_only,1,0,2,2025-12-03
The Phia Group,hiring_only,1,0,2,2025-12-03
Blue River Technology,hiring_only,1,0,2,2025-12-03
Flex Dental,hiring_only,1,0,2,2025-12-03
The Helper Bees,hiring_only,1,0,2,2025-12-03
CallMiner,hiring_only,1,0,2,2025-12-03
Matroid,hiring_only,1,0,2,2025-12-03
CHYM,hiring_only,1,0,2,2025-12-03
Arthrex,hiring_only,1,0,2,2025-12-03
Rivian and VW Group Technology,hiring_only,1,0,2,2025-12-03
Instagram,hiring_only,1,0,2,2025-12-03
LaunchDarkly,hiring_only,1,0,2,2025-12-03
Fiddler AI,hiring_only,1,0,2,2025-12-03
Foundant Technologies,hiring_only,1,0,2,2025-12-03
Nintendo,hiring_only,1,0,2,2025-12-03
Wing,hiring_only,1,0,2,2025-12-03
Spotline,hiring_only,1,0,2,2025-12-03
ByteDance,hiring_only,1,0,2,2025-12-03
Rivet Industries,hiring_only,1,0,2,2025-12-03
Anza,hiring_only,1,0,2,2025-12-03
Semgrep,hiring_only,1,0,2,2025-12-03
Mercator Intelligence,hiring_only,1,0,2,2025-12-03
Effervescent Consulting,hiring_only,1,0,2,2025-12-03
Saildrone,hiring_only,1,0,2,2025-12-03
RRelocate,hiring_only,1,0,2,2025-12-03
STP,hiring_only,1,0,2,2025-12-03
Venuiti,hiring_only,1,0,2,2025-12-03
iBusiness Funding,hiring_only,1,0,2,2025-12-03
Wisdom Tree Technologies,hiring_only,1,0,2,2025-12-03
Vantor,hiring_only,1,0,2,2025-12-03
TRICRAFT,hiring_only,1,0,2,2025-12-03
Momentum,hiring_only,1,0,2,2025-12-03
duPont REGISTRY,hiring_only,1,0,2,2025-12-03
RSC2 INC,hiring_only,1,0,2,2025-12-03
Mira Tech,hiring_only,1,0,2,2025-12-03
aqua IT,hiring_only,1,0,2,2025-12-03
Outside Analytics,hiring_only,1,0,2,2025-12-03
Synack,hiring_only,1,0,2,2025-12-03
Altenar,hiring_only,1,0,2,2025-12-03
GoodRx,hiring_only,1,0,2,2025-12-03
Owner,hiring_only,1,0,2,2025-12-03
Filescom,hiring_only,1,0,2,2025-12-03
Oasys,hiring_only,1,0,2,2025-12-03
Wisk Aero,hiring_only,1,0,2,2025-12-03
Shopify,hiring_only,1,0,2,2025-12-03
Pru,hiring_only,1,0,2,2025-12-03
Phreesia,hiring_only,1,0,2,2025-12-03
Mechanicsbank,hiring_only,1,0,2,2025-12-03
Aia,hiring_only,1,0,2,2025-12-03
Mtb,hiring_only,1,0,2,2025-12-03
Pressganey,hiring_only,1,0,2,2025-12-03
Swift,hiring_only,1,0,2,2025-12-03
Alteryx,hiring_only,1,0,2,2025-12-03
Fragomen,hiring_only,1,0,2,2025-12-03
Corebridgefinancial,hiring_only,1,0,2,2025-12-03
Microsoft Security,talking_only,0,5,1,2025-12-03
Cisco Security,talking_only,0,2,1,2025-12-03
Check Point,talking_only,0,1,1,2025-12-03
