company_name,activity_type,role_count,post_count,priority_score,last_updated
Palo Alto Networks,both,1,3,3,2025-12-03
GoodRx,hiring_only,1,0,2,2025-12-03
Delve,hiring_only,1,0,2,2025-12-03
Applied Intuition,hiring_only,1,0,2,2025-12-03
Hive,hiring_only,1,0,2,2025-12-03
Owner,hiring_only,1,0,2,2025-12-03
Sciens Building Solutions,hiring_only,1,0,2,2025-12-03
Saildrone,hiring_only,1,0,2,2025-12-03
Sendbird,hiring_only,1,0,2,2025-12-03
Airtable,hiring_only,1,0,2,2025-12-03
Anomali,hiring_only,1,0,2,2025-12-03
xAI,hiring_only,1,0,2,2025-12-03
Rule4,hiring_only,1,0,2,2025-12-03
Virtana,hiring_only,1,0,2,2025-12-03
Integra Connect,hiring_only,1,0,2,2025-12-03
Veracyte,hiring_only,1,0,2,2025-12-03
Netflix,hiring_only,1,0,2,2025-12-03
TikTok,hiring_only,1,0,2,2025-12-03
NuHarbor Security,hiring_only,1,0,2,2025-12-03
InMarket,hiring_only,1,0,2,2025-12-03
Wind River,hiring_only,1,0,2,2025-12-03
Crowell & Moring,hiring_only,1,0,2,2025-12-03
Datadog,hiring_only,1,0,2,2025-12-03
Walker & Dunlop,hiring_only,1,0,2,2025-12-03
Foundant Technologies,hiring_only,1,0,2,2025-12-03
Stratascale,hiring_only,1,0,2,2025-12-03
Invoke,hiring_only,1,0,2,2025-12-03
Alloy,hiring_only,1,0,2,2025-12-03
Madcap Software,hiring_only,1,0,2,2025-12-03
Morgan Stanley,hiring_only,1,0,2,2025-12-03
Apexon,hiring_only,1,0,2,2025-12-03
OpenAI,hiring_only,1,0,2,2025-12-03
Oracle,hiring_only,1,0,2,2025-12-03
Cargill,hiring_only,1,0,2,2025-12-03
Joint Research and Development,hiring_only,1,0,2,2025-12-03
Quanata,hiring_only,1,0,2,2025-12-03
Nerdio,hiring_only,1,0,2,2025-12-03
CXM Direct,hiring_only,1,0,2,2025-12-03
NowSecure,hiring_only,1,0,2,2025-12-03
Accurate Background,hiring_only,1,0,2,2025-12-03
Palantir Technologies,hiring_only,1,0,2,2025-12-03
Prudential,hiring_only,1,0,2,2025-12-03
Moveworksai,hiring_only,1,0,2,2025-12-03
Asana,hiring_only,1,0,2,2025-12-03
Sony Electronics,hiring_only,1,0,2,2025-12-03
MG Consulting,hiring_only,1,0,2,2025-12-03
Teledyne Technologies,hiring_only,1,0,2,2025-12-03
KPMG,hiring_only,1,0,2,2025-12-03
Federal Bureau of Investigation,hiring_only,1,0,2,2025-12-03
Aston Technologies,hiring_only,1,0,2,2025-12-03
Fortress Information Security,hiring_only,1,0,2,2025-12-03
Synack,hiring_only,1,0,2,2025-12-03
Exlog Global,hiring_only,1,0,2,2025-12-03
Control Risks,hiring_only,1,0,2,2025-12-03
Figure Lending,hiring_only,1,0,2,2025-12-03
IT EngagementsInc,hiring_only,1,0,2,2025-12-03
Q Bio,hiring_only,1,0,2,2025-12-03
Gallup,hiring_only,1,0,2,2025-12-03
Foley,hiring_only,1,0,2,2025-12-03
Reveleer,hiring_only,1,0,2,2025-12-03
Apollo Information Systems,hiring_only,1,0,2,2025-12-03
Quanta Manufacturing Fremont,hiring_only,1,0,2,2025-12-03
Anvilogic,hiring_only,1,0,2,2025-12-03
NEW CARROT FARMS,hiring_only,1,0,2,2025-12-03
Coalfire,hiring_only,1,0,2,2025-12-03
Integral,hiring_only,1,0,2,2025-12-03
Center For Internet Security,hiring_only,1,0,2,2025-12-03
SHI International,hiring_only,1,0,2,2025-12-03
Hyundai Capital America,hiring_only,1,0,2,2025-12-03
ZBeta Consulting,hiring_only,1,0,2,2025-12-03
Trimble,hiring_only,1,0,2,2025-12-03
ADRM,hiring_only,1,0,2,2025-12-03
Core BTS,hiring_only,1,0,2,2025-12-03
Meriplex,hiring_only,1,0,2,2025-12-03
Data Path,hiring_only,1,0,2,2025-12-03
Aimic,hiring_only,1,0,2,2025-12-03
Reynolds and Reynolds,hiring_only,1,0,2,2025-12-03
Merlin International,hiring_only,1,0,2,2025-12-03
Inversion6,hiring_only,1,0,2,2025-12-03
Noble Federal Credit Union,hiring_only,1,0,2,2025-12-03
Pivotal Consulting,hiring_only,1,0,2,2025-12-03
Toshiba America,hiring_only,1,0,2,2025-12-03
Take-Two Interactive Software,hiring_only,1,0,2,2025-12-03
DATAPRISE,hiring_only,1,0,2,2025-12-03
Microsoft Security,talking_only,0,5,1,2025-12-03
CrowdStrike,talking_only,0,5,1,2025-12-03
Cisco Security,talking_only,0,2,1,2025-12-03
Check Point,talking_only,0,1,1,2025-12-03
